GEO.id,GEO.id2,GEO.display-label,POPGROUP.id,POPGROUP.display-label,EST_VC03,MOE_VC03,EST_VC04,MOE_VC04,EST_VC05,MOE_VC05,EST_VC06,MOE_VC06,EST_VC07,MOE_VC07,EST_VC11,MOE_VC11,EST_VC12,MOE_VC12,EST_VC13,MOE_VC13,EST_VC16,MOE_VC16,EST_VC17,MOE_VC17,EST_VC18,MOE_VC18,EST_VC19,MOE_VC19,EST_VC20,MOE_VC20,EST_VC21,MOE_VC21,EST_VC22,MOE_VC22,EST_VC23,MOE_VC23,EST_VC24,MOE_VC24,EST_VC27,MOE_VC27,EST_VC30,MOE_VC30,EST_VC31,MOE_VC31,EST_VC32,MOE_VC32,EST_VC33,MOE_VC33,EST_VC36,MOE_VC36,EST_VC37,MOE_VC37,EST_VC38,MOE_VC38,EST_VC41,MOE_VC41,EST_VC42,MOE_VC42,EST_VC43,MOE_VC43,EST_VC46,MOE_VC46,EST_VC47,MOE_VC47,EST_VC48,MOE_VC48,EST_VC51,MOE_VC51,EST_VC52,MOE_VC52,EST_VC53,MOE_VC53,EST_VC56,MOE_VC56,EST_VC57,MOE_VC57,EST_VC58,MOE_VC58,EST_VC62,MOE_VC62,EST_VC63,MOE_VC63,EST_VC64,MOE_VC64,EST_VC65,MOE_VC65,EST_VC66,MOE_VC66,EST_VC67,MOE_VC67,EST_VC71,MOE_VC71,EST_VC72,MOE_VC72,EST_VC73,MOE_VC73,EST_VC74,MOE_VC74,EST_VC75,MOE_VC75,EST_VC76,MOE_VC76,EST_VC77,MOE_VC77,EST_VC78,MOE_VC78,EST_VC79,MOE_VC79,EST_VC80,MOE_VC80,EST_VC81,MOE_VC81,EST_VC82,MOE_VC82,EST_VC83,MOE_VC83,EST_VC84,MOE_VC84,EST_VC87,MOE_VC87,EST_VC88,MOE_VC88,EST_VC92,MOE_VC92,EST_VC93,MOE_VC93,EST_VC94,MOE_VC94,EST_VC95,MOE_VC95,EST_VC96,MOE_VC96,EST_VC97,MOE_VC97,EST_VC100,MOE_VC100,EST_VC101,MOE_VC101,EST_VC102,MOE_VC102,EST_VC103,MOE_VC103,EST_VC104,MOE_VC104,EST_VC105,MOE_VC105,EST_VC108,MOE_VC108,EST_VC109,MOE_VC109,EST_VC110,MOE_VC110,EST_VC111,MOE_VC111,EST_VC112,MOE_VC112,EST_VC113,MOE_VC113,EST_VC117,MOE_VC117,EST_VC118,MOE_VC118,EST_VC119,MOE_VC119,EST_VC120,MOE_VC120,EST_VC121,MOE_VC121,EST_VC122,MOE_VC122,EST_VC125,MOE_VC125,EST_VC126,MOE_VC126,EST_VC127,MOE_VC127,EST_VC128,MOE_VC128,EST_VC129,MOE_VC129,EST_VC130,MOE_VC130,EST_VC134,MOE_VC134,EST_VC135,MOE_VC135,EST_VC136,MOE_VC136,EST_VC137,MOE_VC137,EST_VC138,MOE_VC138,EST_VC139,MOE_VC139,EST_VC142,MOE_VC142,EST_VC143,MOE_VC143,EST_VC144,MOE_VC144,EST_VC145,MOE_VC145,EST_VC146,MOE_VC146,EST_VC147,MOE_VC147,EST_VC151,MOE_VC151,EST_VC152,MOE_VC152,EST_VC153,MOE_VC153,EST_VC154,MOE_VC154,EST_VC158,MOE_VC158,EST_VC159,MOE_VC159,EST_VC160,MOE_VC160,EST_VC164,MOE_VC164,EST_VC165,MOE_VC165,EST_VC169,MOE_VC169,EST_VC170,MOE_VC170,EST_VC173,MOE_VC173,EST_VC174,MOE_VC174,EST_VC177,MOE_VC177,EST_VC178,MOE_VC178,EST_VC181,MOE_VC181,EST_VC182,MOE_VC182,EST_VC186,MOE_VC186,EST_VC187,MOE_VC187,EST_VC188,MOE_VC188,EST_VC189,MOE_VC189,EST_VC190,MOE_VC190,EST_VC191,MOE_VC191,EST_VC192,MOE_VC192,EST_VC193,MOE_VC193,EST_VC197,MOE_VC197,EST_VC198,MOE_VC198,EST_VC199,MOE_VC199,EST_VC201,MOE_VC201,EST_VC202,MOE_VC202,EST_VC203,MOE_VC203,EST_VC206,MOE_VC206,EST_VC207,MOE_VC207,EST_VC208,MOE_VC208,EST_VC211,MOE_VC211,EST_VC212,MOE_VC212,EST_VC213,MOE_VC213,EST_VC215,MOE_VC215,EST_VC216,MOE_VC216,EST_VC217,MOE_VC217,EST_VC218,MOE_VC218,EST_VC222,MOE_VC222,EST_VC223,MOE_VC223,EST_VC224,MOE_VC224,EST_VC225,MOE_VC225,EST_VC226,MOE_VC226,EST_VC227,MOE_VC227,EST_VC228,MOE_VC228,EST_VC232,MOE_VC232,EST_VC233,MOE_VC233,EST_VC234,MOE_VC234,EST_VC235,MOE_VC235,EST_VC239,MOE_VC239,EST_VC240,MOE_VC240,EST_VC241,MOE_VC241,EST_VC242,MOE_VC242,EST_VC243,MOE_VC243,EST_VC244,MOE_VC244,EST_VC245,MOE_VC245,EST_VC246,MOE_VC246,EST_VC248,MOE_VC248,EST_VC249,MOE_VC249,EST_VC250,MOE_VC250,EST_VC251,MOE_VC251,EST_VC252,MOE_VC252,EST_VC253,MOE_VC253,EST_VC257,MOE_VC257,EST_VC258,MOE_VC258,EST_VC259,MOE_VC259,EST_VC260,MOE_VC260,EST_VC261,MOE_VC261,EST_VC262,MOE_VC262,EST_VC263,MOE_VC263,EST_VC264,MOE_VC264,EST_VC268,MOE_VC268,EST_VC269,MOE_VC269,EST_VC270,MOE_VC270,EST_VC271,MOE_VC271,EST_VC272,MOE_VC272,EST_VC273,MOE_VC273,EST_VC276,MOE_VC276,EST_VC277,MOE_VC277,EST_VC278,MOE_VC278,EST_VC279,MOE_VC279,EST_VC280,MOE_VC280,EST_VC281,MOE_VC281,EST_VC284,MOE_VC284,EST_VC285,MOE_VC285,EST_VC286,MOE_VC286,EST_VC287,MOE_VC287,EST_VC288,MOE_VC288,EST_VC289,MOE_VC289,EST_VC293,MOE_VC293,EST_VC294,MOE_VC294,EST_VC295,MOE_VC295,EST_VC296,MOE_VC296,EST_VC297,MOE_VC297,EST_VC298,MOE_VC298,EST_VC299,MOE_VC299,EST_VC300,MOE_VC300,EST_VC301,MOE_VC301,EST_VC302,MOE_VC302,EST_VC303,MOE_VC303,EST_VC304,MOE_VC304,EST_VC305,MOE_VC305,EST_VC306,MOE_VC306,EST_VC310,MOE_VC310,EST_VC311,MOE_VC311,EST_VC312,MOE_VC312,EST_VC313,MOE_VC313,EST_VC314,MOE_VC314,EST_VC318,MOE_VC318,EST_VC319,MOE_VC319,EST_VC322,MOE_VC322,EST_VC323,MOE_VC323,EST_VC324,MOE_VC324,EST_VC325,MOE_VC325,EST_VC326,MOE_VC326,EST_VC327,MOE_VC327,EST_VC328,MOE_VC328,EST_VC329,MOE_VC329,EST_VC330,MOE_VC330,EST_VC331,MOE_VC331,EST_VC332,MOE_VC332,EST_VC334,MOE_VC334,EST_VC335,MOE_VC335,EST_VC336,MOE_VC336,EST_VC337,MOE_VC337,EST_VC338,MOE_VC338,EST_VC339,MOE_VC339,EST_VC340,MOE_VC340,EST_VC341,MOE_VC341,EST_VC343,MOE_VC343,EST_VC344,MOE_VC344,EST_VC348,MOE_VC348,EST_VC349,MOE_VC349,EST_VC351,MOE_VC351,EST_VC352,MOE_VC352,EST_VC354,MOE_VC354,EST_VC355,MOE_VC355,EST_VC359,MOE_VC359,EST_VC360,MOE_VC360,EST_VC361,MOE_VC361,EST_VC362,MOE_VC362,EST_VC366,MOE_VC366,EST_VC367,MOE_VC367,EST_VC368,MOE_VC368,EST_VC369,MOE_VC369,EST_VC370,MOE_VC370,EST_VC371,MOE_VC371,EST_VC372,MOE_VC372,EST_VC373,MOE_VC373,EST_VC374,MOE_VC374,EST_VC376,MOE_VC376,EST_VC377,MOE_VC377,EST_VC378,MOE_VC378,EST_VC379,MOE_VC379,EST_VC380,MOE_VC380,EST_VC381,MOE_VC381,EST_VC382,MOE_VC382,EST_VC383,MOE_VC383,EST_VC384,MOE_VC384,EST_VC385,MOE_VC385,EST_VC389,MOE_VC389,EST_VC390,MOE_VC390,EST_VC391,MOE_VC391,EST_VC394,MOE_VC394,EST_VC395,MOE_VC395,EST_VC399,MOE_VC399,EST_VC400,MOE_VC400,EST_VC401,MOE_VC401,EST_VC402,MOE_VC402,EST_VC403,MOE_VC403,EST_VC407,MOE_VC407,EST_VC408,MOE_VC408,EST_VC409,MOE_VC409,EST_VC410,MOE_VC410,EST_VC411,MOE_VC411,EST_VC412,MOE_VC412,EST_VC413,MOE_VC413,EST_VC417,MOE_VC417,EST_VC418,MOE_VC418,EST_VC419,MOE_VC419,EST_VC423,MOE_VC423,EST_VC424,MOE_VC424,EST_VC425,MOE_VC425,EST_VC426,MOE_VC426,EST_VC427,MOE_VC427,EST_VC431,MOE_VC431,EST_VC432,MOE_VC432,EST_VC433,MOE_VC433,EST_VC437,MOE_VC437,EST_VC438,MOE_VC438,EST_VC439,MOE_VC439,EST_VC443,MOE_VC443,EST_VC444,MOE_VC444,EST_VC445,MOE_VC445,EST_VC446,MOE_VC446,EST_VC450,MOE_VC450,EST_VC451,MOE_VC451,EST_VC452,MOE_VC452,EST_VC456,MOE_VC456,EST_VC457,MOE_VC457,EST_VC461,MOE_VC461,EST_VC462,MOE_VC462,EST_VC463,MOE_VC463
0400000US06,06,California,013,Asian Indian alone (400-401),684191,21648,100.0,0.1,(X),(X),(X),(X),(X),(X),684191,21648,52.0,0.7,48.0,0.7,8.6,0.5,15.4,0.5,7.6,0.5,23.3,0.9,18.9,0.6,11.1,0.6,7.3,0.5,5.3,0.4,2.6,0.3,33.1,0.4,76.0,0.7,73.1,0.7,10.0,0.6,7.9,0.5,164346,7587,52.0,1.7,48.0,1.7,519845,16233,52.0,0.8,48.0,0.8,210838,9295,50.9,1.4,49.1,1.4,255078,9511,52.7,1.0,47.3,1.0,53929,3507,53.4,2.8,46.6,2.8,677097,21606,55.2,0.8,30.0,0.7,10.2,0.9,4.7,0.6,0.3,0.1,212145,6418,82.7,1.3,49.3,1.6,75.6,1.6,46.4,1.6,4.3,0.8,2.1,0.6,17.3,1.3,11.5,1.1,7.6,0.9,3.8,0.7,5.8,0.7,4.3,0.6,1.5,0.5,3.21,0.05,3.51,0.05,538212,16586,69.8,1.1,3.0,0.3,3.0,0.5,0.7,0.2,23.5,1.0,279727,10225,68.0,1.7,1.0,0.3,2.9,0.6,0.6,0.3,27.5,1.6,258485,8681,71.7,1.6,5.1,0.6,3.3,0.7,0.8,0.3,19.1,1.3,181892,7187,9.8,1.2,6.5,1.0,36.5,2.0,13.4,1.2,33.9,2.1,94987,5208,54.9,3.0,35.0,2.9,86905,4297,57.8,2.6,32.7,2.8,468151,14464,8.8,0.8,8.8,0.7,9.8,0.8,32.1,1.2,40.5,1.3,91.2,0.8,93.8,0.9,88.4,1.1,72.6,1.2,76.1,1.4,68.9,1.6,196381,7324,13667,1947,161,124,1.2,0.9,398602,12984,6.8,0.7,9.9,4.0,519845,16233,0.8,0.2,683420,21691,5.0,0.5,164261,7592,1.5,0.5,465487,15616,3.3,0.5,53672,3521,30.0,3.5,672186,21550,78.5,1.3,16.8,1.2,10.2,1.1,6.6,0.8,3.3,0.5,3.3,0.6,4.8,0.6,206290,8342,51.7,1.7,48.3,1.7,477901,17133,52.2,0.9,47.8,0.9,233595,9815,51.0,1.2,49.0,1.2,244306,13732,53.3,1.3,46.7,1.3,477901,17133,22.2,1.6,34.6,1.3,43.2,1.7,477901,17133,1.2,0.3,94.3,0.7,1.4,0.4,1.9,0.4,0.5,0.1,0.7,0.2,625407,19567,18.7,1.0,81.3,1.0,21.9,1.3,532301,16237,67.6,1.0,67.6,1.0,63.9,1.1,3.7,0.4,5.4,0.6,0.0,0.1,32.4,1.0,255478,8513,55.4,1.6,55.4,1.6,51.1,1.6,4.4,0.5,7.9,1.0,326729,11754,71.1,1.5,10.6,1.0,8.1,1.0,2.3,0.4,2.9,0.5,5.0,0.5,29.2,0.6,340303,11852,70.7,1.7,6.9,0.9,14.3,1.0,1.2,0.4,6.8,0.9,209877,7456,72.5,1.8,4.7,1.0,12.7,1.2,1.6,0.5,8.6,1.2,130426,6329,67.9,2.4,10.5,1.5,17.1,1.8,0.6,0.4,3.9,1.1,340303,11852,0.7,0.3,0.8,0.3,13.5,0.9,2.6,0.4,9.1,0.9,4.4,0.6,6.7,0.9,7.0,0.7,27.3,1.3,18.5,1.2,5.0,0.8,2.1,0.5,2.5,0.5,340303,11852,86.2,1.1,8.4,0.9,5.0,0.6,0.4,0.2,212145,6418,121883,3133,95.0,0.7,145771,4122,11.3,0.9,16873,1129,4.0,0.8,9867,789,1.3,0.4,5087,1599,5.1,0.7,22466,3760,2.5,0.7,175544,5770,130083,5003,91.4,1.1,137399,6180,3.5,0.6,69614,19978,5.2,0.9,56355,11378,684191,21648,47735,1512,173460,6652,87419,5501,112517,3295,83944,4779,100805,752,71793,3469,683420,21691,82.7,1.3,15.7,0.9,5.3,0.7,3.2,0.7,3.6,1.0,4.1,1.7,2.2,0.5,1.9,0.6,2.5,1.2,15.3,8.2,25.2,14.6,60.6,34.1,5.8,0.8,3.6,1.0,3.5,1.0,3.6,1.3,3.4,1.1,6.5,0.9,6.4,1.0,6.6,1.9,3.4,0.7,26.5,3.6,212145,6418,52.9,1.6,47.1,1.6,3.58,0.07,2.81,0.09,212145,6418,57.8,1.3,5.8,0.7,36.1,1.4,0.3,0.1,212145,6418,3.6,0.8,22.3,1.4,32.7,1.4,29.5,1.5,8.4,1.0,3.6,0.7,212145,6418,5.7,0.7,94.3,0.7,212145,6418,66.9,1.3,31.3,1.3,0.6,0.2,1.2,0.3,212145,6418,2.2,0.4,8.7,0.9,93495,4137,66.6,2.4,33.4,2.4,112324,4271,655500,16784,2955,78,747,54,96116,4884,70.6,2.4,29.4,2.4,97752,4896,1750,33,212145,6418,98.1,0.4,95.4,0.7
0400000US12,12,Florida,013,Asian Indian alone (400-401),138235,10141,100.0,0.1,(X),(X),(X),(X),(X),(X),138235,10141,50.3,1.6,49.7,1.6,6.3,1.2,14.2,1.6,8.9,1.5,18.1,2.1,17.5,1.4,14.2,1.6,10.4,1.3,7.2,1.0,3.3,0.8,36.6,1.4,79.6,1.4,76.1,1.6,13.7,1.3,10.5,1.3,28248,3178,50.8,5.1,49.2,5.1,109987,7865,50.1,1.8,49.9,1.8,37386,4364,47.2,3.6,52.8,3.6,58100,4599,51.7,2.6,48.3,2.6,14501,1851,51.5,5.5,48.5,5.5,136906,10095,56.7,2.1,28.3,1.7,11.2,2.0,3.8,0.9,0.3,0.1,46295,3531,77.6,3.1,41.2,3.2,66.5,3.6,35.2,3.5,6.5,2.1,3.6,1.9,22.4,3.1,13.7,2.3,10.4,2.1,3.3,1.2,8.6,1.9,7.9,1.9,0.7,0.5,3.06,0.13,3.50,0.16,113677,8236,64.9,2.7,3.6,0.9,5.4,1.4,1.2,0.7,25.0,2.6,56934,4362,65.5,3.6,2.2,1.0,4.1,1.6,1.0,0.7,27.2,3.5,56743,4806,64.3,3.6,4.9,1.4,6.7,1.9,1.3,1.1,22.8,3.4,37101,4524,6.5,1.9,4.4,1.6,35.5,4.0,12.1,2.9,41.5,4.0,19143,2787,53.4,6.4,40.1,6.6,17958,2830,50.5,6.3,42.9,6.1,97628,6772,8.7,1.5,14.4,2.2,17.1,2.5,28.3,2.6,31.4,2.9,91.3,1.5,92.9,1.8,89.7,2.0,59.8,3.4,65.4,4.2,54.1,3.9,38362,4020,2899,992,N,N,N,N,85154,5662,5.2,1.8,N,N,109987,7865,2.6,0.9,138228,10143,6.5,1.1,28248,3178,1.3,1.1,95479,7415,4.0,1.1,14501,1851,32.7,7.5,136578,9945,82.4,2.4,13.9,2.2,7.3,1.9,6.6,1.7,3.1,1.1,3.5,1.5,3.7,1.0,38696,4001,51.2,4.5,48.8,4.5,99539,7823,49.9,1.9,50.1,1.9,56665,4595,50.6,2.8,49.4,2.8,42874,6094,49.1,2.8,50.9,2.8,99539,7823,17.9,2.8,27.2,2.9,54.9,3.6,99539,7823,1.8,0.7,72.7,3.6,4.0,1.8,0.0,0.2,20.3,3.0,1.2,0.8,129566,9532,41.5,3.4,58.5,3.4,13.0,2.3,112503,8142,65.6,2.4,65.6,2.4,62.5,2.3,3.1,1.0,4.8,1.5,0.0,0.2,34.4,2.4,56038,4706,55.4,3.6,55.4,3.6,51.8,3.4,3.6,1.4,6.4,2.4,69412,5584,78.7,2.7,9.3,2.0,1.9,1.0,1.8,0.8,2.3,1.6,6.0,1.3,26.5,1.6,70334,5615,64.3,3.8,6.9,1.7,23.3,2.9,2.8,0.9,2.6,1.0,41300,3602,66.8,3.7,5.1,1.6,20.0,3.1,4.4,1.4,3.8,1.5,29034,3012,60.7,6.1,9.6,3.3,28.1,5.1,0.5,0.8,1.1,0.9,70334,5615,0.0,0.3,1.4,0.7,5.0,2.1,3.7,1.7,14.6,2.5,3.4,1.2,3.3,1.2,8.9,1.8,19.0,2.9,29.3,3.5,6.8,2.2,2.5,1.1,2.3,1.0,70334,5615,87.0,2.4,8.8,2.0,3.9,1.2,0.2,0.2,46295,3531,77099,5556,89.5,2.3,109928,9643,17.5,2.5,16307,1957,2.9,1.3,7493,820,1.4,0.7,2696,1166,7.0,2.0,23417,7190,6.1,1.8,35945,3218,89070,9032,85.7,3.5,95279,8696,5.9,2.6,90378,35666,8.4,2.7,38610,11041,138235,10141,38441,3929,31223,2892,18864,2335,94780,8267,63999,10267,75291,10328,49777,5029,138228,10143,78.3,2.4,14.5,1.9,10.6,1.8,5.8,1.9,3.3,1.3,3.9,3.8,5.0,1.9,2.3,1.6,N,N,14.5,11.0,N,N,N,N,9.0,1.9,4.0,1.8,4.0,1.8,4.8,4.2,3.7,1.9,10.3,2.3,10.5,2.4,9.1,4.1,5.8,1.8,34.3,8.5,46295,3531,65.4,3.9,34.6,3.9,3.33,0.19,2.55,0.19,46295,3531,67.3,3.2,6.1,2.0,26.5,2.8,0.2,0.3,46295,3531,3.5,1.2,36.8,3.9,39.7,3.8,14.0,2.6,4.7,1.6,1.3,0.8,46295,3531,6.2,1.7,93.8,1.7,46295,3531,7.2,1.6,89.9,1.8,0.2,0.3,2.7,1.0,46295,3531,2.1,1.1,3.6,1.3,20703,2397,70.4,5.9,29.6,5.9,30264,2778,263400,16124,1746,126,642,46,14160,2121,66.0,6.6,34.0,6.6,15132,2321,1117,85,46295,3531,94.7,1.7,89.4,2.8
0400000US13,13,Georgia,013,Asian Indian alone (400-401),117321,7186,100.0,0.2,(X),(X),(X),(X),(X),(X),117321,7186,50.9,1.8,49.1,1.8,7.5,1.0,16.3,1.8,7.8,1.3,19.1,2.3,21.0,1.8,12.9,2.1,8.5,1.6,5.1,1.1,1.9,0.8,34.7,1.1,76.3,1.8,72.4,1.8,9.7,1.7,7.0,1.4,27838,2806,54.9,4.9,45.1,4.9,89483,5744,49.7,1.8,50.3,1.8,31535,3388,46.9,3.3,53.1,3.3,49702,4441,50.8,2.5,49.2,2.5,8246,1575,53.0,6.3,47.0,6.3,114299,7446,56.9,2.0,30.3,1.8,10.9,1.9,1.9,1.1,0.5,0.4,36852,2985,85.9,2.8,52.5,4.3,79.3,3.8,49.7,4.2,4.2,1.9,2.7,1.8,14.1,2.8,9.8,2.4,7.8,2.2,2.0,1.2,4.3,1.9,4.0,2.0,0.2,0.3,3.21,0.15,3.50,0.16,93538,6009,73.1,2.8,2.4,0.9,2.9,0.9,1.1,0.9,20.5,2.3,46334,3451,74.3,3.2,0.1,0.2,2.1,1.3,1.2,1.3,22.3,3.0,47204,3433,72.0,3.8,4.5,1.8,3.8,1.4,0.9,1.0,18.8,3.0,31852,3317,7.8,2.4,8.4,3.3,33.3,5.1,17.4,3.8,33.1,4.8,15664,1712,59.8,6.5,30.9,6.2,16188,2360,58.5,7.3,35.1,7.3,80367,5111,8.4,2.0,7.1,1.9,11.8,2.4,35.7,3.9,36.9,3.6,91.6,2.0,93.0,2.4,90.1,2.5,72.7,3.2,76.9,4.2,68.4,4.0,35334,2901,2522,1050,N,N,N,N,71802,4597,7.9,2.2,8.0,5.6,89248,5747,0.4,0.3,117049,7184,5.1,1.2,27838,2806,0.6,0.5,80965,5799,3.5,1.2,8246,1575,35.7,11.0,115300,7084,77.8,3.7,17.1,3.2,5.7,1.6,11.4,2.7,6.6,2.1,4.8,1.8,5.0,1.6,38125,3179,52.4,4.0,47.6,4.0,79196,5604,50.2,1.9,49.8,1.9,40442,3810,49.7,2.4,50.3,2.4,38754,4715,50.7,3.7,49.3,3.7,79196,5604,18.5,3.5,33.6,3.4,47.9,3.4,79196,5604,1.5,0.9,92.8,3.0,4.0,2.4,0.4,0.4,0.9,0.6,0.4,0.3,108570,6805,19.1,2.7,80.9,2.7,23.0,3.5,91440,5870,65.3,2.2,65.0,2.3,62.3,2.4,2.8,1.1,4.3,1.6,0.3,0.3,34.7,2.2,46198,3359,52.0,3.7,52.0,3.7,48.3,4.0,3.8,1.8,7.2,3.4,56267,4336,75.9,3.2,13.6,3.1,2.0,0.9,1.6,0.8,0.6,0.4,6.4,2.2,29.4,1.6,56924,4419,66.6,3.6,4.1,1.4,25.4,3.5,0.3,0.4,3.6,1.4,34625,2981,69.4,4.4,1.5,0.9,24.0,4.4,0.0,0.5,5.1,2.2,22299,2662,62.3,6.5,8.1,3.0,27.6,5.3,0.7,1.1,1.4,1.2,56924,4419,0.0,0.3,0.2,0.3,7.0,2.3,1.9,1.2,20.4,3.8,3.1,1.4,5.2,1.6,7.6,1.9,25.9,3.4,20.7,3.6,4.3,1.5,2.7,1.2,1.0,0.5,56924,4419,88.7,2.6,7.2,1.8,3.9,1.6,0.2,0.2,36852,2985,92025,11827,95.8,1.6,117186,8579,8.7,1.8,16471,2946,3.0,1.6,8317,1693,N,N,3073,1927,3.4,1.9,24191,7417,3.2,1.4,31654,2679,103517,6362,92.3,3.0,108826,7548,2.8,2.0,45918,43444,4.9,2.2,42964,7687,117321,7186,39233,3269,29240,2663,13996,2083,92239,7567,66024,6766,76042,4831,58520,14985,117049,7184,81.2,3.1,11.2,1.9,10.8,2.0,2.7,1.4,1.9,1.4,N,N,2.4,1.4,1.8,1.4,N,N,10.2,12.4,N,N,N,N,4.1,1.5,3.4,2.1,3.4,2.1,3.1,2.8,3.5,2.3,4.3,1.6,4.4,1.8,3.3,3.7,2.8,1.4,22.9,9.5,36852,2985,61.0,4.4,39.0,4.4,3.44,0.21,2.83,0.22,36852,2985,65.9,4.3,4.1,2.0,30.0,4.3,0.0,0.5,36852,2985,9.3,2.7,39.1,4.6,42.6,4.7,6.5,2.0,1.3,0.9,1.2,1.2,36852,2985,5.2,1.8,94.8,1.8,36852,2985,54.7,4.4,44.7,4.4,0.0,0.1,0.6,0.6,36852,2985,1.3,0.8,2.5,1.2,17505,2264,73.5,6.1,26.5,6.1,22485,2374,283300,21986,1919,92,613,66,13789,1981,70.8,7.5,29.2,7.5,14040,2044,1107,48,36852,2985,98.6,0.7,93.8,2.1
0400000US17,17,Illinois,013,Asian Indian alone (400-401),241260,12715,100.0,0.1,(X),(X),(X),(X),(X),(X),241260,12715,51.2,1.0,48.8,1.0,7.8,0.7,16.5,1.1,7.3,0.8,21.7,1.3,18.1,1.0,10.5,1.0,9.0,0.7,6.1,0.7,3.1,0.5,33.4,0.6,75.6,1.1,73.1,1.1,11.8,0.9,9.1,0.8,58796,4452,48.4,2.5,51.6,2.5,182464,9345,52.0,1.1,48.0,1.1,69824,4555,52.4,2.2,47.6,2.2,90575,5799,51.9,1.3,48.1,1.3,22065,1987,51.7,3.5,48.3,3.5,238691,12670,54.2,1.5,28.9,1.1,11.9,1.7,4.9,0.9,0.4,0.2,74288,3479,78.2,2.9,44.4,2.9,72.4,3.1,42.1,2.9,3.3,1.0,1.6,0.8,21.8,2.9,14.5,2.6,9.6,2.5,4.9,1.4,7.4,1.4,5.9,1.2,1.4,0.6,3.20,0.11,3.63,0.11,189098,9692,69.1,2.0,3.5,0.6,2.7,0.6,0.5,0.3,24.2,1.8,98215,5297,67.7,2.7,1.0,0.5,2.2,1.1,0.3,0.2,28.9,2.5,90883,5218,70.7,2.4,6.2,1.2,3.2,0.9,0.7,0.5,19.2,1.9,67920,5134,7.6,1.6,7.4,1.4,37.5,2.8,12.6,1.6,34.8,2.7,33080,3127,55.6,3.9,35.7,4.0,34840,2997,59.4,3.9,34.0,3.5,164926,8514,7.4,1.1,7.9,1.2,10.8,1.2,34.5,2.2,39.4,2.3,92.6,1.1,95.9,1.1,89.0,1.7,73.9,1.9,79.3,2.4,68.2,2.5,64129,3968,4910,1233,N,N,N,N,141691,7989,8.5,1.5,11.0,5.0,182464,9345,0.5,0.2,240699,12733,6.4,0.8,58796,4452,1.2,0.6,160266,8601,4.3,0.9,21637,2011,36.3,5.1,237240,12704,80.4,2.2,14.6,2.0,8.5,1.7,6.1,1.1,2.7,0.9,3.4,0.9,5.0,1.0,77561,6020,51.5,2.3,48.5,2.3,163699,8446,51.0,1.4,49.0,1.4,91621,6018,50.4,1.7,49.6,1.7,72078,6396,51.7,2.6,48.3,2.6,163699,8446,21.4,1.9,31.5,2.7,47.1,2.8,163699,8446,0.7,0.3,96.5,1.0,1.6,0.6,0.1,0.1,0.2,0.1,0.9,0.4,222341,11834,18.1,1.7,81.9,1.7,23.2,1.7,186961,9642,66.2,1.5,66.2,1.5,62.9,1.5,3.3,0.7,5.0,1.0,0.0,0.1,33.8,1.5,89665,5124,54.1,2.4,54.1,2.4,50.6,2.4,3.5,0.8,6.5,1.4,114726,5724,65.6,2.4,9.7,1.8,14.7,1.8,3.5,1.2,2.4,0.7,4.0,1.0,31.9,1.2,117643,5871,66.9,3.1,7.3,1.2,18.7,2.5,0.7,0.4,6.4,1.2,72310,4090,69.2,3.7,4.7,1.3,17.7,2.9,1.0,0.6,7.4,1.7,45333,2925,63.1,4.1,11.6,2.3,20.3,3.3,0.3,0.4,4.7,1.5,117643,5871,0.2,0.3,0.9,0.5,9.4,1.2,2.2,0.6,11.4,1.8,3.6,1.0,2.7,0.9,10.5,1.5,23.4,2.4,25.6,2.1,7.2,1.4,1.8,0.7,1.3,0.6,117643,5871,88.7,1.6,8.4,1.4,2.5,0.8,0.4,0.4,74288,3479,94278,5642,92.9,1.4,124418,8273,13.5,1.6,16957,1496,3.8,1.2,7902,1171,2.3,0.9,2957,1428,5.8,1.1,34995,8160,7.2,1.5,58073,3147,103598,7240,92.6,1.6,105351,8677,3.2,1.0,103890,54490,4.3,1.3,67558,42959,241260,12715,41199,2715,57379,3805,28188,2582,102142,6916,81998,10359,81086,3549,63988,7684,240699,12733,76.2,2.9,19.6,2.5,8.3,1.2,7.6,2.2,7.4,2.5,8.0,4.7,7.3,2.2,7.2,2.5,8.2,4.8,11.1,9.3,N,N,N,N,9.6,2.1,9.5,3.6,9.5,3.6,10.9,5.3,8.9,4.1,9.7,1.9,10.3,2.0,5.2,2.8,7.8,2.2,23.6,4.8,74288,3479,60.3,3.0,39.7,3.0,3.52,0.15,2.72,0.15,74288,3479,55.3,2.9,6.2,1.6,38.3,2.9,0.1,0.2,74288,3479,2.9,1.0,23.7,3.1,33.6,2.6,25.4,2.5,8.0,1.6,6.5,1.5,74288,3479,9.3,1.7,90.7,1.7,74288,3479,80.3,2.1,18.3,2.1,0.4,0.3,0.9,0.4,74288,3479,1.8,0.8,6.2,1.3,33611,2729,63.2,3.8,36.8,3.8,44784,2964,313800,15348,2348,86,898,81,27425,2458,65.7,4.3,34.3,4.3,28106,2539,1194,41,74288,3479,97.8,0.9,93.0,1.4
0400000US24,24,Maryland,013,Asian Indian alone (400-401),100316,8478,100.0,0.2,(X),(X),(X),(X),(X),(X),100316,8478,49.8,1.8,50.2,1.8,5.8,0.8,17.0,1.7,6.9,1.1,17.6,2.0,20.1,2.2,13.3,1.5,7.6,1.3,7.9,1.3,3.8,0.9,36.9,1.1,77.2,1.8,74.7,1.9,13.7,1.7,11.8,1.6,22876,2973,50.3,4.4,49.7,4.4,77440,6351,49.7,1.7,50.3,1.7,24488,2953,46.0,4.0,54.0,4.0,41150,3931,51.7,1.9,48.3,1.9,11802,1719,50.4,4.4,49.6,4.4,99079,8417,56.7,2.5,29.6,2.0,10.0,2.0,3.7,1.2,0.3,0.2,31206,2512,82.1,2.8,45.1,3.9,77.1,3.1,43.3,3.9,4.2,1.8,1.7,0.8,17.9,2.8,10.5,2.4,7.0,2.3,3.4,1.4,7.4,1.9,6.6,1.7,0.8,0.7,3.15,0.16,3.51,0.18,80627,6517,70.7,2.8,3.5,1.0,2.6,0.8,1.4,0.7,21.8,2.6,40051,3540,72.8,3.5,1.1,0.8,2.2,1.3,1.8,1.1,22.0,3.5,40576,3518,68.7,3.3,5.8,1.7,3.0,1.2,1.0,0.6,21.6,3.0,26156,2874,5.1,2.2,7.8,2.5,40.5,5.4,15.9,3.6,30.7,5.0,11679,1504,70.0,6.8,24.3,6.1,14477,2069,59.5,6.3,35.8,6.6,70568,5961,6.0,1.9,7.5,1.5,10.3,2.1,30.5,3.2,45.8,3.0,94.0,1.9,94.5,2.7,93.6,2.1,76.3,2.7,80.9,4.2,71.6,3.6,29113,2755,1282,618,N,N,N,N,62580,5420,6.0,1.7,11.4,9.7,77440,6351,1.4,1.0,100296,8477,4.7,1.3,22876,2973,0.9,0.8,65618,5744,2.2,0.9,11802,1719,26.1,7.9,99428,8332,83.4,2.8,14.2,2.7,7.0,2.3,7.2,2.0,1.2,0.6,6.0,1.9,2.3,0.8,29287,3687,49.1,4.0,50.9,4.0,71029,6313,50.1,1.9,49.9,1.9,43941,4036,49.8,2.4,50.2,2.4,27088,3761,50.7,3.6,49.3,3.6,71029,6313,14.3,3.2,30.4,3.3,55.2,4.1,71029,6313,0.7,0.5,93.8,1.9,0.6,0.5,0.0,0.1,3.8,1.6,1.0,0.7,94488,7944,26.3,3.0,73.7,3.0,16.4,2.5,79741,6535,70.7,2.4,70.7,2.4,66.8,2.4,3.8,1.1,5.4,1.5,0.0,0.2,29.3,2.4,40074,3521,61.0,3.6,61.0,3.6,56.8,3.7,4.2,1.6,6.8,2.6,52777,4730,68.7,4.1,11.3,3.1,10.3,2.2,2.2,1.1,1.5,0.8,6.0,1.5,33.2,1.9,53282,4800,74.0,3.3,6.2,1.7,12.8,2.2,1.9,1.3,5.1,2.7,30514,3012,76.9,4.6,3.0,1.4,10.3,3.1,3.3,2.2,6.4,3.3,22768,2347,70.1,5.0,10.6,3.7,16.0,3.5,0.0,0.7,3.3,2.2,53282,4800,0.0,0.3,2.5,1.2,7.4,1.5,1.1,0.7,10.1,2.8,2.5,1.4,3.2,1.2,5.1,1.6,29.3,3.3,23.3,3.0,4.1,1.3,3.9,1.5,7.5,1.8,53282,4800,78.5,3.4,16.2,2.7,5.4,1.9,0.0,0.3,31206,2512,121417,9289,92.3,2.1,148595,8842,17.4,3.1,20230,2498,2.1,1.2,7149,3046,1.2,0.8,2403,2070,9.4,2.2,34448,7935,5.1,2.3,25626,2274,128111,10977,93.9,2.1,133876,12641,0.9,0.7,50446,46475,5.2,2.2,N,N,100316,8478,48296,2653,25105,2579,15879,1791,108064,8035,78183,6939,93797,11008,67820,4621,100296,8477,82.4,3.4,17.8,2.7,6.2,1.7,4.0,2.0,2.7,1.6,N,N,3.3,1.8,2.3,1.4,N,N,18.1,20.8,N,N,N,N,4.8,1.5,4.2,2.7,4.2,2.7,3.1,2.8,4.5,2.9,4.9,1.7,4.7,1.7,6.1,5.4,3.4,1.5,17.5,7.7,31206,2512,65.8,3.9,34.2,3.9,3.51,0.19,2.45,0.21,31206,2512,65.9,3.9,2.6,1.4,31.4,4.1,0.0,0.5,31206,2512,5.4,1.9,25.1,3.4,43.5,4.6,18.1,3.2,6.1,2.1,1.8,0.8,31206,2512,6.9,2.1,93.1,2.1,31206,2512,64.2,4.0,34.2,4.0,1.5,1.0,0.0,0.5,31206,2512,2.8,1.5,4.1,1.8,16230,1550,72.0,5.0,28.0,5.0,20547,1801,451800,25770,2677,135,796,73,10344,1626,67.9,7.9,32.1,7.9,10389,1638,1451,79,31206,2512,97.6,1.5,94.7,2.4
0400000US25,25,Massachusetts,013,Asian Indian alone (400-401),95495,6204,100.0,0.2,(X),(X),(X),(X),(X),(X),95495,6204,51.8,2.0,48.2,2.0,9.2,1.2,16.6,1.7,8.3,1.5,22.0,2.1,20.1,1.8,11.0,1.6,6.5,1.3,4.0,0.9,2.4,0.8,32.6,0.7,74.2,2.1,70.5,2.1,8.4,1.2,6.4,1.2,24671,3045,50.3,4.7,49.7,4.7,70824,4204,52.4,2.1,47.6,2.1,28918,2646,49.9,4.0,50.1,4.0,35839,2900,54.2,2.4,45.8,2.4,6067,1134,53.6,6.5,46.4,6.5,91651,6079,59.7,2.3,30.6,2.1,5.7,1.6,4.0,1.1,0.2,0.2,30530,2025,79.2,3.8,51.6,4.4,76.9,3.7,50.6,4.3,1.2,0.8,0.7,0.5,20.8,3.8,12.4,3.2,9.7,3.0,2.7,1.1,8.4,2.8,4.7,1.8,3.7,2.0,3.02,0.14,3.37,0.15,73422,4498,70.6,2.6,2.5,0.8,1.8,0.7,0.2,0.2,24.9,2.5,38640,2926,69.7,3.5,1.6,1.0,1.8,1.2,0.2,0.3,26.8,3.3,34782,2557,71.7,3.1,3.6,1.2,1.7,0.8,0.2,0.3,22.9,3.4,28252,3083,9.2,3.2,6.2,2.8,35.7,4.0,12.2,3.1,36.8,4.9,14857,2185,53.0,6.1,38.1,7.0,13395,1877,55.3,6.1,35.2,5.1,62945,3817,7.3,2.2,5.6,1.5,7.5,1.8,32.0,3.1,47.6,3.7,92.7,2.2,94.2,2.5,91.0,2.4,79.6,3.2,83.0,3.5,75.9,3.8,27658,2254,2265,734,N,N,N,N,54785,3565,4.8,1.7,21.6,18.4,70824,4204,1.0,0.7,95353,6209,3.5,0.9,24671,3045,1.3,1.1,64757,3949,2.9,1.3,5925,1163,19.6,7.1,93545,6135,79.3,2.9,16.0,2.9,8.8,2.5,7.1,1.8,3.1,1.5,4.0,1.3,4.7,1.2,30973,3506,46.3,3.9,53.7,3.9,64522,4366,54.5,2.1,45.5,2.1,29254,3749,53.9,3.0,46.1,3.0,35268,3391,55.0,3.1,45.0,3.1,64522,4366,23.7,4.2,34.1,3.2,42.1,3.7,64522,4366,1.6,0.8,93.3,2.3,1.6,0.9,0.1,0.2,2.5,1.7,0.9,0.5,86680,5641,26.8,3.3,73.2,3.3,17.2,2.9,72336,4438,71.2,2.6,71.2,2.6,67.3,2.8,3.9,1.0,5.5,1.4,0.0,0.2,28.8,2.6,34271,2465,58.1,4.2,58.1,4.2,54.3,4.5,3.8,1.4,6.6,2.5,47569,3669,63.0,3.8,7.2,1.8,16.8,2.9,7.4,2.3,2.1,1.0,3.6,1.3,30.9,1.8,48661,3572,76.7,3.4,6.3,2.1,14.3,2.6,0.5,0.5,2.1,0.9,30059,2591,79.7,3.8,4.8,2.4,12.5,3.2,0.9,0.8,2.2,1.3,18602,2099,71.9,5.0,8.7,3.2,17.3,3.8,0.0,0.9,2.0,1.4,48661,3572,0.0,0.3,0.6,0.6,11.8,2.3,1.9,1.0,9.1,2.4,1.7,0.9,4.9,1.3,6.2,1.6,30.0,3.8,22.8,3.0,6.8,2.7,1.0,0.6,3.0,1.4,48661,3572,90.9,2.3,7.7,2.0,1.3,0.7,0.0,0.3,30530,2025,118238,7809,95.3,2.0,150154,10747,9.3,2.3,16330,3369,2.6,1.6,13485,7041,2.8,1.5,3250,938,2.2,1.5,16964,5759,3.9,1.8,24167,1706,129371,10756,97.1,1.2,130011,11209,1.3,0.8,96238,15095,1.6,1.0,140318,54583,95495,6204,49579,4063,24642,2180,11879,1729,117176,8313,85989,8627,100666,4584,72122,5868,95353,6209,89.0,2.2,13.0,2.4,2.4,0.9,2.7,1.5,1.9,1.4,N,N,N,N,1.6,1.3,N,N,N,N,N,N,N,N,5.0,1.7,4.7,3.1,4.7,3.1,4.7,5.0,4.7,3.4,5.1,1.8,4.5,1.7,10.9,6.9,3.4,1.8,17.9,6.8,30530,2025,50.1,4.7,49.9,4.7,3.37,0.22,2.67,0.16,30530,2025,46.0,4.6,11.4,3.1,42.6,4.9,0.0,0.5,30530,2025,4.3,1.4,18.3,3.8,33.1,4.8,22.1,4.3,10.9,2.7,11.2,2.7,30530,2025,10.1,2.5,89.9,2.5,30530,2025,58.8,4.6,23.1,3.8,16.5,3.8,1.6,1.2,30530,2025,3.0,1.3,7.8,2.6,12059,1416,73.3,5.2,26.7,5.2,15284,1594,509300,40549,2767,155,"1,000+",***,14932,1808,78.6,5.8,21.4,5.8,15128,1863,1520,88,30530,2025,98.5,1.3,96.1,2.2
0400000US26,26,Michigan,013,Asian Indian alone (400-401),98701,6385,100.0,0.1,(X),(X),(X),(X),(X),(X),98701,6385,51.1,1.3,48.9,1.3,7.0,1.0,18.4,1.4,8.3,1.2,20.9,1.8,17.5,1.6,12.5,1.5,7.9,1.2,5.6,1.0,1.9,0.6,32.8,0.8,74.6,1.5,70.9,1.5,9.5,1.3,7.4,1.2,25106,2593,49.3,3.4,50.7,3.4,73595,4394,51.7,1.3,48.3,1.3,28798,2518,51.1,3.2,48.9,3.2,37448,3118,53.1,1.6,46.9,1.6,7349,1139,47.1,5.1,52.9,5.1,97293,6386,57.5,1.7,30.4,1.6,8.0,1.5,4.1,1.1,N,N,31729,2101,82.2,3.2,49.7,3.7,75.2,3.5,46.4,3.7,3.2,1.4,1.7,0.8,17.8,3.2,12.1,2.7,7.2,2.2,4.9,1.7,5.7,1.8,4.6,1.5,1.1,0.9,3.09,0.11,3.39,0.12,77723,4573,69.1,2.5,3.7,1.1,3.0,1.1,0.2,0.2,24.0,2.5,40147,2471,68.6,3.4,0.8,0.6,2.6,1.2,0.2,0.4,27.7,3.3,37576,2534,69.5,3.2,6.8,2.0,3.4,1.4,0.2,0.3,20.1,3.1,30456,2740,6.5,2.1,4.6,1.4,34.8,3.6,18.0,3.0,36.2,4.2,15200,1825,51.7,5.4,40.7,5.2,15256,1633,63.0,6.6,31.7,6.8,65421,4141,7.6,1.8,6.1,1.4,6.1,1.5,31.2,2.6,48.9,3.1,92.4,1.8,94.9,1.9,89.7,2.7,80.2,2.3,86.0,2.7,74.0,3.5,27649,2229,2097,751,N,N,N,N,55956,3884,5.8,1.5,N,N,73595,4394,0.2,0.2,98668,6388,4.8,1.3,25106,2593,1.5,0.8,66213,4372,3.9,1.4,7349,1139,23.7,7.2,97265,6292,77.5,2.8,16.7,2.7,7.9,2.0,8.8,1.9,3.4,1.2,5.5,1.6,5.8,1.5,26967,2807,49.8,3.5,50.2,3.5,71734,4936,51.6,1.3,48.4,1.3,33456,2796,49.7,2.8,50.3,2.8,38278,3793,53.1,2.9,46.9,2.9,71734,4936,21.7,2.7,34.3,4.3,44.1,3.8,71734,4936,0.5,0.3,95.8,1.1,1.3,0.7,0.2,0.2,0.6,0.4,1.7,0.7,91775,5885,20.5,2.6,79.5,2.6,19.6,2.6,76539,4454,67.1,2.6,67.1,2.6,62.5,2.4,4.6,1.4,6.9,2.0,0.0,0.1,32.9,2.6,36972,2495,52.3,4.4,52.3,4.4,46.5,4.1,5.8,2.3,11.1,4.2,46997,3270,75.1,3.1,13.1,3.1,2.8,1.2,2.9,1.0,0.6,0.4,5.5,1.6,26.7,1.3,47852,3320,76.8,3.0,6.3,1.8,9.6,2.1,0.7,0.4,6.5,2.3,30666,1983,77.9,3.3,5.2,1.9,9.1,2.4,0.9,0.6,6.9,2.3,17186,1936,75.0,4.6,8.2,2.6,10.6,3.0,0.5,0.8,5.8,2.8,47852,3320,0.1,0.2,0.5,0.4,24.7,3.2,1.8,0.7,5.0,1.5,1.7,0.7,2.8,1.2,5.1,1.3,21.4,2.8,30.0,3.4,4.2,1.5,1.4,0.8,1.4,0.9,47852,3320,91.2,1.9,7.2,1.8,1.4,0.7,0.1,0.2,31729,2101,98308,7223,95.6,1.4,118212,6571,12.3,2.3,21323,2789,2.8,1.1,7062,1160,0.9,0.6,1682,1429,4.8,1.3,37144,11300,6.2,1.9,26073,1975,107734,9855,91.5,2.3,114264,10798,4.5,1.8,106320,41037,3.9,1.7,38539,21019,98701,6385,40726,2492,23405,1865,11324,1342,98474,6189,82174,9236,88813,4850,67347,8939,98668,6388,83.8,2.4,15.3,2.3,6.4,1.6,6.0,2.2,7.6,3.2,7.8,5.0,5.8,2.3,7.3,3.2,5.9,4.9,16.1,12.9,22.0,18.6,49.2,41.2,8.4,2.5,7.7,3.2,7.7,3.2,11.6,6.2,6.1,3.3,8.6,2.5,9.4,2.8,1.3,1.7,6.2,2.4,28.4,10.0,31729,2101,58.6,3.4,41.4,3.4,3.36,0.15,2.72,0.18,31729,2101,61.1,3.4,7.3,1.9,31.3,3.1,0.3,0.3,31729,2101,3.0,1.1,22.2,3.4,39.9,3.8,25.8,4.3,5.9,1.7,3.3,1.4,31729,2101,5.1,1.8,94.9,1.8,31729,2101,88.6,2.1,10.5,2.1,0.5,0.4,0.4,0.5,31729,2101,3.7,1.4,3.9,1.6,13341,1463,80.0,5.7,20.0,5.7,18584,1505,272400,22333,1898,134,681,53,12697,1447,79.3,5.4,20.7,5.4,12761,1462,959,49,31729,2101,98.9,0.6,95.2,1.7
0400000US34,34,New Jersey,013,Asian Indian alone (400-401),344166,12240,100.0,0.1,(X),(X),(X),(X),(X),(X),344166,12240,51.1,0.8,48.9,0.8,8.3,0.6,16.6,0.8,6.5,0.7,20.5,1.0,19.9,0.9,11.3,0.8,9.0,0.7,5.7,0.7,2.1,0.3,34.1,0.4,75.1,0.9,72.5,0.9,10.6,0.9,7.8,0.8,85712,5041,50.0,1.8,50.0,1.8,258454,8783,51.5,0.9,48.5,0.9,93233,4495,47.9,1.7,52.1,1.7,138427,5816,53.8,1.0,46.2,1.0,26794,2831,52.0,3.0,48.0,3.0,339742,12100,54.2,1.2,31.9,1.0,10.7,1.3,3.2,0.8,0.2,0.1,102991,3456,86.6,1.7,51.3,2.4,80.6,2.0,49.5,2.4,3.5,0.9,1.3,0.4,13.4,1.7,9.2,1.4,6.7,1.3,2.6,0.7,4.1,0.9,3.2,0.7,1.0,0.4,3.34,0.08,3.58,0.09,269537,9272,72.2,1.4,3.4,0.6,2.3,0.5,0.6,0.3,21.4,1.2,138188,5089,73.2,1.8,1.6,0.5,1.8,0.6,0.6,0.4,22.7,1.5,131349,5336,71.2,1.9,5.3,0.9,2.9,0.7,0.6,0.3,20.0,1.7,89563,5212,10.5,1.7,6.3,1.4,40.6,2.7,16.1,1.6,26.4,2.2,45468,3268,63.7,3.3,24.6,2.5,44095,2917,62.4,3.2,28.4,3.2,235932,8001,6.6,0.8,9.2,1.4,8.7,1.1,39.0,1.4,36.5,1.6,93.4,0.8,95.4,1.1,91.3,1.1,75.5,1.7,78.6,2.0,72.1,2.1,96459,4369,5846,1312,N,N,N,N,207999,7517,6.5,1.1,3.1,1.9,258454,8783,0.5,0.2,343709,12224,4.3,0.7,85712,5041,1.5,0.6,231538,8234,3.1,0.8,26459,2861,23.9,3.9,339612,12208,84.8,1.3,11.6,1.3,5.8,0.9,5.8,0.9,3.1,0.7,2.7,0.7,3.6,0.7,98498,5778,49.6,1.9,50.4,1.9,245668,9529,51.7,1.0,48.3,1.0,129242,6907,50.7,1.4,49.3,1.4,116426,7124,52.9,1.8,47.1,1.8,245668,9529,20.6,2.1,35.5,2.2,43.9,2.0,245668,9529,0.7,0.3,95.8,0.9,1.0,0.3,0.0,0.1,2.3,0.8,0.2,0.1,315532,11294,18.9,1.6,81.1,1.6,22.9,1.6,266228,9087,69.3,1.3,69.3,1.3,65.4,1.4,3.9,0.6,5.6,0.8,0.0,0.1,30.7,1.3,129276,5206,55.9,2.2,55.9,2.2,51.7,2.3,4.2,0.8,7.5,1.4,171370,6962,58.4,2.0,8.2,1.4,23.2,1.7,3.9,1.4,1.2,0.4,5.1,1.2,40.1,1.3,174220,7048,69.0,2.1,6.3,1.2,17.2,1.5,1.0,0.4,6.5,1.0,107394,4444,71.4,2.5,4.4,1.2,15.1,1.9,1.6,0.7,7.6,1.4,66826,4173,65.1,2.7,9.4,2.1,20.6,2.5,0.0,0.2,4.9,1.2,174220,7048,0.0,0.1,1.3,0.4,10.4,1.1,3.7,0.8,11.8,1.4,3.3,0.8,4.1,0.8,14.5,1.5,27.7,2.2,14.5,1.4,5.7,1.4,1.4,0.4,1.4,0.4,174220,7048,91.8,1.1,5.6,0.8,2.6,0.6,0.1,0.1,102991,3456,115637,6150,96.0,0.9,145284,6265,11.8,1.3,18116,1645,2.2,0.7,7079,1021,0.8,0.3,5925,2516,4.5,0.9,21097,4510,4.0,1.0,89230,3237,122979,4682,93.0,1.5,127234,6994,2.9,1.0,60749,6561,4.1,1.1,71577,28924,344166,12240,45114,2146,90712,3927,45942,3539,108050,5763,75012,3446,89015,5388,65731,2107,343709,12224,83.9,1.5,12.2,1.1,7.2,1.0,3.8,1.2,3.7,1.5,N,N,2.6,0.8,2.9,1.1,N,N,21.3,13.5,N,N,N,N,5.0,1.2,4.1,1.5,4.0,1.5,3.0,1.7,4.6,1.8,5.3,1.2,5.1,1.2,6.7,2.6,4.0,1.2,17.3,4.4,102991,3456,57.8,2.0,42.2,2.0,3.67,0.10,2.89,0.11,102991,3456,57.3,1.8,10.0,1.3,32.7,2.1,0.0,0.2,102991,3456,4.0,0.9,19.5,2.1,35.4,2.3,21.4,1.9,10.9,1.4,8.7,1.3,102991,3456,10.0,1.4,90.0,1.4,102991,3456,84.4,1.6,12.5,1.5,2.6,0.6,0.5,0.2,102991,3456,1.2,0.5,6.8,1.2,46975,2460,62.3,3.6,37.7,3.6,59574,2661,415200,15084,2930,88,"1,000+",***,41520,2576,76.5,3.2,23.5,3.2,42199,2514,1449,39,102991,3456,97.9,0.8,95.4,1.2
0400000US36,36,New York,013,Asian Indian alone (400-401),365667,14312,100.0,0.1,(X),(X),(X),(X),(X),(X),365667,14312,49.7,0.9,50.3,0.9,6.1,0.7,14.8,0.9,9.4,0.9,19.2,1.1,16.7,1.0,13.1,0.7,10.6,0.8,6.8,0.6,3.2,0.5,35.2,0.5,79.1,1.2,75.6,1.2,12.9,1.0,10.0,0.8,76373,6037,49.2,2.4,50.8,2.4,289294,10399,49.9,1.0,50.1,1.0,104693,5219,48.8,2.2,51.2,2.2,148029,6613,51.0,1.3,49.0,1.3,36572,3250,48.4,2.5,51.6,2.5,359844,14269,50.4,1.1,30.5,1.2,14.2,1.3,5.0,0.8,0.6,0.2,108710,3981,76.4,2.1,36.4,2.6,64.8,2.1,33.4,2.5,7.5,1.3,2.1,0.6,23.6,2.1,13.0,1.6,8.5,1.3,4.5,1.1,10.6,1.5,7.5,1.3,3.1,1.2,3.35,0.09,3.84,0.09,300903,10972,61.1,1.6,4.0,0.5,3.0,0.5,1.2,0.3,30.6,1.5,149399,6063,63.8,1.8,0.9,0.4,2.6,0.6,0.7,0.3,31.9,1.8,151504,6344,58.4,2.1,7.0,1.0,3.5,0.7,1.8,0.5,29.3,2.0,97289,6323,5.6,1.4,3.4,0.8,35.0,2.6,16.8,1.5,39.2,2.7,45599,3538,54.6,3.3,39.5,3.4,51690,4158,55.8,3.7,39.0,3.4,254905,9279,16.4,1.3,17.9,1.3,13.8,1.1,26.0,1.7,25.8,1.8,83.6,1.3,86.6,1.4,80.5,1.6,51.8,1.9,54.7,2.4,48.8,1.9,105070,5072,5608,1211,826,617,14.7,9.8,220221,8455,7.9,1.1,21.4,5.5,289294,10399,0.7,0.3,364348,14232,7.3,0.7,76373,6037,3.1,1.0,251870,9502,5.2,0.7,36105,3226,30.8,4.1,360456,14221,87.3,1.5,9.9,1.3,5.8,1.0,4.1,0.8,2.0,0.6,2.0,0.6,2.8,0.8,109123,6888,48.8,2.2,51.2,2.2,256544,10891,50.1,1.0,49.9,1.0,154756,7430,49.8,1.5,50.2,1.5,101788,7710,50.6,1.8,49.4,1.8,256544,10891,14.3,1.5,28.4,2.1,57.3,2.2,256544,10891,0.9,0.3,76.9,2.0,1.6,0.6,0.1,0.1,20.1,1.9,0.4,0.2,343314,13228,34.5,1.9,65.5,1.9,24.4,1.3,296852,10796,65.9,1.5,65.9,1.5,61.7,1.5,4.2,0.6,6.4,0.9,0.0,0.1,34.1,1.5,149632,6351,54.3,2.5,54.3,2.5,50.2,2.6,4.1,0.7,7.6,1.4,180475,7053,42.6,2.0,8.2,1.1,34.8,2.2,9.0,1.3,2.5,0.7,2.9,0.6,36.5,0.9,183040,6994,50.1,2.1,12.9,1.2,21.7,1.7,4.4,0.8,10.8,1.3,107934,4497,46.9,2.4,9.8,1.4,19.5,2.1,7.2,1.3,16.6,2.0,75106,4905,54.7,3.0,17.4,2.1,24.9,2.5,0.4,0.4,2.6,0.8,183040,6994,0.0,0.1,3.1,0.7,6.4,0.9,2.7,0.7,12.1,1.4,8.7,1.1,2.0,0.5,9.7,1.1,13.0,1.5,26.6,1.7,8.2,0.9,4.2,0.7,3.3,0.8,183040,6994,82.0,1.5,12.1,1.3,5.8,1.0,0.2,0.2,108710,3981,82157,4759,92.3,1.1,122249,7712,16.8,1.4,18601,1106,4.4,0.8,8124,1012,2.7,0.7,4274,1236,8.2,1.1,23943,3138,10.1,1.5,83032,3496,86318,4528,84.9,1.8,91688,4036,5.3,1.0,60990,20560,9.9,1.6,54743,6896,365667,14312,39102,2868,85000,4097,48873,3561,94755,8245,65763,4332,60137,4371,52117,2114,364348,14232,63.9,2.4,32.5,2.2,9.0,1.0,10.4,1.5,13.1,2.4,5.5,3.3,8.4,1.6,12.2,2.6,5.3,3.2,23.8,6.5,22.6,11.2,N,N,13.3,1.6,15.5,3.2,15.4,3.2,13.4,4.3,16.2,3.4,12.7,1.4,12.9,1.5,11.6,3.5,11.4,1.8,27.1,3.4,108710,3981,52.4,2.4,47.6,2.4,3.68,0.12,3.00,0.13,108710,3981,38.3,2.0,24.2,2.1,37.2,2.1,0.3,0.2,108710,3981,1.4,0.5,9.5,1.2,14.5,1.7,22.4,2.2,26.1,1.9,26.0,2.3,108710,3981,31.3,2.8,68.7,2.8,108710,3981,70.0,2.4,12.5,1.8,16.6,2.0,0.9,0.3,108710,3981,2.4,0.7,12.9,1.4,42398,3031,47.7,3.9,52.3,3.9,56979,3187,478600,15057,2809,111,"1,000+",***,49107,3408,51.1,3.7,48.9,3.7,50303,3385,1425,40,108710,3981,93.6,1.3,88.9,1.5
0400000US37,37,North Carolina,013,Asian Indian alone (400-401),72267,6672,100.0,0.2,(X),(X),(X),(X),(X),(X),72267,6672,52.2,2.6,47.8,2.6,8.2,1.4,15.4,1.8,8.4,1.7,24.7,2.5,20.9,2.1,10.5,1.9,6.3,1.4,3.9,1.3,1.7,0.8,32.6,1.0,76.4,2.3,72.8,2.3,6.8,1.5,5.6,1.3,17036,2536,47.1,5.7,52.9,5.7,55231,4950,53.8,2.4,46.2,2.4,23899,2922,50.8,4.5,49.2,4.5,27279,2822,55.5,2.6,44.5,2.6,4053,973,60.3,7.8,39.7,7.8,70869,6537,59.8,2.6,28.7,2.4,7.0,2.2,4.5,1.9,N,N,24986,2209,79.3,4.2,47.3,5.6,74.2,4.5,45.5,5.4,2.3,1.3,1.5,1.0,20.7,4.2,15.1,4.1,8.8,3.2,6.2,3.0,5.6,2.4,3.4,1.7,2.3,1.5,2.95,0.15,3.21,0.16,57284,5263,70.1,3.9,2.7,0.9,2.5,1.3,1.1,0.8,23.5,3.4,30742,2907,68.8,5.6,1.6,1.3,3.3,2.1,0.8,1.0,25.6,5.1,26542,3031,71.7,4.3,4.0,1.5,1.7,1.2,1.5,1.2,21.1,4.1,19752,2737,8.8,3.1,5.0,2.2,35.9,4.9,15.1,3.6,35.3,6.4,9783,1645,47.6,8.6,39.9,9.5,9969,2062,64.1,6.8,30.7,7.1,49178,4368,5.7,2.3,8.8,2.2,9.4,2.5,37.2,3.7,39.0,4.1,94.3,2.3,96.8,2.1,91.4,3.3,76.2,3.8,83.8,4.0,67.1,5.4,21562,2773,1733,573,N,N,N,N,42451,3779,4.0,1.7,N,N,55194,4941,0.4,0.4,72165,6669,3.3,1.1,17036,2536,1.2,1.2,51076,4703,2.3,1.1,4053,973,23.6,10.5,70441,6572,74.3,4.1,21.0,3.8,9.5,2.5,11.5,3.6,4.0,2.1,7.5,3.1,4.7,1.6,18944,2929,49.9,6.3,50.1,6.3,53323,4822,53.1,2.7,46.9,2.7,21511,3079,53.1,4.2,46.9,4.2,31812,3773,53.1,4.2,46.9,4.2,53323,4822,26.1,4.6,37.2,4.4,36.7,4.9,53323,4822,0.8,0.7,93.9,2.0,2.0,1.0,0.1,0.2,2.2,1.6,1.1,0.7,66350,6137,19.0,3.7,81.0,3.7,20.0,3.4,56536,5247,66.4,2.8,66.3,2.7,63.4,2.7,2.9,1.3,4.4,1.8,0.1,0.1,33.6,2.8,26229,2950,49.2,5.3,49.1,5.3,44.7,4.8,4.4,2.4,8.9,4.5,35602,3588,70.5,4.6,12.3,3.2,5.8,2.2,2.6,1.2,1.5,1.1,7.3,2.5,22.4,1.7,35865,3583,70.7,5.0,5.6,2.2,17.9,4.3,0.7,0.8,5.0,1.8,24129,2470,77.0,5.2,2.2,1.6,15.7,4.6,0.0,0.7,5.0,2.4,11736,1866,57.8,6.9,12.6,5.4,22.4,6.5,2.2,2.4,5.1,2.6,35865,3583,0.1,0.2,0.7,0.7,8.5,2.3,2.4,1.2,14.0,4.0,1.9,1.5,3.7,1.8,14.6,2.7,28.3,4.7,17.0,2.7,5.2,2.4,1.2,0.9,2.4,1.3,35865,3583,88.7,2.7,7.2,2.1,3.8,1.9,0.4,0.5,24986,2209,100359,6986,96.3,1.7,119736,8945,7.9,2.5,22268,4176,1.1,0.8,7926,3469,N,N,-,**,5.0,1.8,43118,21522,4.2,2.3,19807,2138,101269,4135,93.6,2.7,101741,5803,3.5,2.2,59569,30137,2.9,1.6,103661,55077,72267,6672,41610,3320,21135,2363,7981,1365,96782,7498,67730,8511,86402,4587,60316,11543,72165,6669,86.6,3.9,8.5,2.0,6.9,2.8,2.4,1.8,1.2,1.0,N,N,N,N,1.1,1.1,N,N,N,N,N,N,-,**,5.4,1.9,1.9,1.8,1.9,1.8,N,N,N,N,6.4,2.4,6.8,2.5,1.8,2.9,2.1,1.4,29.8,11.1,24986,2209,50.3,5.1,49.7,5.1,3.07,0.22,2.82,0.23,24986,2209,56.0,5.2,3.4,1.8,40.4,5.2,0.3,0.4,24986,2209,11.8,3.3,46.0,4.9,31.9,5.2,6.9,2.5,2.7,1.7,0.8,0.8,24986,2209,4.6,1.9,95.4,1.9,24986,2209,39.7,5.1,59.9,5.2,0.3,0.5,0.1,0.2,24986,2209,2.2,1.6,5.5,3.3,9998,1635,82.4,8.0,17.6,8.0,12566,1686,313800,21546,1878,148,647,84,12326,1668,79.1,6.9,20.9,6.9,12326,1668,1074,40,24986,2209,99.9,0.2,93.7,3.3
0400000US39,39,Ohio,013,Asian Indian alone (400-401),74678,5701,100.0,0.2,(X),(X),(X),(X),(X),(X),74678,5701,51.3,2.4,48.7,2.4,8.6,1.4,16.1,1.8,6.7,1.2,24.3,2.5,22.3,2.3,7.6,1.6,6.7,1.7,5.5,1.2,2.3,0.7,33.0,0.8,75.4,2.1,72.6,2.2,9.7,1.7,7.8,1.5,18408,2078,52.4,6.2,47.6,6.2,56270,4627,50.9,2.3,49.1,2.3,23099,2833,47.4,3.8,52.6,3.8,27342,2836,52.1,2.9,47.9,2.9,5829,1127,59.0,7.5,41.0,7.5,73410,5738,62.2,2.2,27.8,2.2,5.7,1.8,4.3,1.5,N,N,26969,2636,77.7,4.2,46.8,5.6,72.3,4.4,44.1,5.6,2.8,1.6,1.6,1.4,22.3,4.2,13.8,3.3,10.4,3.0,3.4,1.7,8.5,2.8,6.0,2.5,2.5,1.5,2.80,0.14,3.19,0.14,58238,4733,70.9,3.4,3.4,1.3,2.1,1.0,1.1,0.7,22.5,2.8,29444,2741,71.6,4.6,2.5,1.3,2.5,1.9,0.9,0.8,22.5,4.1,28794,2733,70.1,4.3,4.4,1.9,1.7,1.2,1.2,1.1,22.6,3.8,20483,2515,8.7,3.4,5.9,2.1,36.8,4.8,13.8,3.7,34.9,5.6,10305,1717,56.4,7.5,32.3,8.0,10178,1830,56.6,7.6,37.4,6.8,51301,4112,6.1,1.6,6.8,2.2,7.4,1.9,34.3,3.8,45.3,4.4,93.9,1.6,95.1,2.3,92.6,2.2,79.6,3.6,83.1,4.6,75.9,4.1,22771,2276,990,454,N,N,N,N,43550,3531,4.6,1.9,N,N,56270,4627,0.6,0.5,74674,5699,4.0,1.3,18408,2078,2.0,1.4,50441,4516,3.8,1.6,5825,1128,12.8,6.3,73962,5641,75.1,3.8,18.6,3.8,7.1,2.2,11.6,3.1,4.9,2.3,6.7,2.9,6.3,2.0,20592,1993,53.9,6.2,46.1,6.2,54086,4755,50.2,2.1,49.8,2.1,22053,2759,52.4,3.4,47.6,3.4,32033,3669,48.7,3.2,51.3,3.2,54086,4755,27.9,4.5,35.1,4.7,37.0,4.3,54086,4755,0.9,0.6,97.6,0.8,0.2,0.2,0.4,0.5,0.4,0.4,0.5,0.4,68282,5425,20.9,2.9,79.1,2.9,19.8,3.3,57336,4710,69.6,2.9,69.6,2.9,66.7,3.0,2.9,1.4,4.2,2.0,0.0,0.2,30.4,2.9,28238,2668,54.4,4.5,54.4,4.5,51.5,4.2,2.9,1.5,5.3,2.6,37712,3864,77.9,4.7,10.7,4.1,2.2,1.2,3.5,1.3,1.4,0.9,4.3,1.7,23.1,1.4,38223,3841,74.8,4.8,4.5,1.5,13.7,3.6,1.1,0.9,5.8,1.8,23672,2490,76.8,4.9,3.2,1.7,10.9,3.3,1.8,1.4,7.3,2.5,14551,2064,71.6,6.5,6.7,3.5,18.3,6.2,0.0,1.0,3.4,2.6,38223,3841,0.0,0.4,1.1,0.8,11.7,2.6,1.4,0.9,9.6,2.5,2.8,1.8,1.6,1.2,12.9,2.9,27.0,4.9,24.7,3.7,5.6,2.1,0.7,0.5,0.9,0.8,38223,3841,89.9,2.5,7.7,2.3,2.4,1.1,0.0,0.4,26969,2636,90266,9921,96.0,1.7,124152,13341,9.9,3.1,22343,4174,1.6,1.1,8204,1811,1.0,0.8,1333,1220,4.2,1.6,32482,9623,5.4,2.2,20952,1919,101505,16346,93.0,3.2,105900,21029,3.4,2.5,61873,13025,3.6,2.1,N,N,74678,5701,46145,4756,20099,2306,9605,1741,111539,12234,74733,7649,81480,5218,66732,1516,74674,5699,84.7,3.1,11.3,2.2,7.7,2.2,3.8,2.0,3.6,2.6,N,N,3.2,2.1,2.9,2.5,N,N,16.2,18.9,N,N,N,N,6.7,2.0,3.9,2.8,3.9,2.8,2.6,2.7,4.6,3.4,7.6,2.1,7.8,2.3,6.0,5.2,3.9,1.9,26.6,7.8,26969,2636,49.0,4.5,51.0,4.5,3.20,0.16,2.43,0.19,26969,2636,53.4,4.8,9.5,3.0,37.1,4.5,0.1,0.1,26969,2636,8.0,2.6,27.5,4.0,33.7,4.7,20.6,4.0,5.3,1.9,5.0,1.9,26969,2636,9.0,3.6,91.0,3.6,26969,2636,74.0,4.6,24.4,4.6,0.6,0.6,1.1,0.8,26969,2636,3.1,2.1,2.9,1.7,10308,1491,82.1,5.3,17.9,5.3,13220,1644,302900,30041,2193,188,698,79,12741,1850,81.6,5.0,18.4,5.0,13159,1959,907,51,26969,2636,95.0,2.6,92.4,2.9
0400000US42,42,Pennsylvania,013,Asian Indian alone (400-401),114720,7470,100.0,0.1,(X),(X),(X),(X),(X),(X),114720,7470,51.9,1.7,48.1,1.7,7.4,0.9,16.3,1.4,8.6,1.5,22.4,2.0,19.7,1.5,11.2,1.4,7.2,1.2,5.2,1.0,2.0,0.6,33.0,0.7,76.4,1.4,72.3,1.5,9.4,1.1,7.3,1.0,27112,2607,49.8,4.9,50.2,4.9,87608,5552,52.6,1.7,47.4,1.7,35601,3107,50.7,3.8,49.3,3.8,43656,3436,53.8,2.5,46.2,2.5,8351,1245,54.5,5.9,45.5,5.9,112007,7404,57.7,2.0,29.4,1.8,8.4,1.9,4.5,1.1,N,N,37277,2557,78.6,3.2,49.2,3.6,73.6,3.5,46.8,3.8,2.2,1.0,1.4,0.8,21.4,3.2,13.7,2.8,10.3,2.8,3.4,1.5,7.7,1.9,6.4,1.7,1.4,0.8,3.06,0.13,3.47,0.16,91288,6000,67.7,2.9,2.8,0.8,1.2,0.5,1.0,0.5,27.4,2.5,48201,3502,66.0,3.4,0.7,0.6,1.4,0.8,0.9,0.6,31.0,3.5,43087,3233,69.6,4.1,5.1,1.5,1.0,0.6,1.0,0.8,23.3,3.6,32523,3508,9.1,2.2,5.2,1.7,37.6,4.0,14.1,3.7,33.9,4.3,16792,1984,55.0,5.1,35.7,5.2,15731,2357,59.1,7.0,32.0,6.7,77692,4857,8.3,2.0,9.6,1.6,7.4,1.5,32.4,2.9,42.3,3.5,91.7,2.0,94.0,2.1,89.1,2.8,74.7,2.7,76.8,3.2,72.4,3.6,33183,2740,2184,646,N,N,N,N,65588,4429,6.8,2.0,10.4,7.0,87608,5552,0.9,0.5,114656,7471,4.5,1.0,27112,2607,1.7,1.0,79193,5149,3.3,1.1,8351,1245,25.0,7.7,113223,7324,82.3,2.3,12.9,2.0,6.2,1.5,6.7,1.6,2.5,0.8,4.2,1.4,4.7,1.3,35486,3419,50.5,3.9,49.5,3.9,79234,5696,52.5,1.9,47.5,1.9,40753,3371,51.5,2.4,48.5,2.4,38481,4403,53.6,3.1,46.4,3.1,79234,5696,23.4,3.3,34.2,3.7,42.4,3.7,79234,5696,1.9,1.1,94.0,2.0,2.3,1.1,0.1,0.1,1.3,0.7,0.4,0.4,106278,6834,20.5,2.4,79.5,2.4,21.6,2.5,90356,5893,70.4,2.4,70.4,2.4,67.0,2.6,3.4,1.1,4.9,1.6,0.0,0.1,29.6,2.4,42512,3154,59.3,4.3,59.3,4.3,56.8,4.4,2.5,1.2,4.3,2.0,59332,4323,66.4,4.0,13.1,3.0,9.2,2.0,5.2,1.3,2.0,0.9,4.2,1.3,27.2,1.3,60510,4363,68.6,3.1,6.9,2.0,12.9,2.3,1.5,0.8,10.0,2.1,36369,2871,71.9,3.6,4.4,2.0,10.3,2.6,2.5,1.3,10.8,2.6,24141,2485,63.6,4.8,10.7,3.6,16.8,3.7,0.0,0.5,8.9,2.7,60510,4363,0.4,0.6,0.6,0.5,14.9,2.6,1.1,0.7,10.3,2.1,4.7,1.5,3.0,1.2,8.3,1.7,21.6,2.7,26.3,2.9,6.4,1.7,1.5,0.8,0.9,0.5,60510,4363,93.1,1.5,4.6,1.2,2.2,0.9,0.1,0.1,37277,2557,95740,7018,95.6,1.5,137581,11891,9.6,2.1,18185,2523,2.3,0.8,8091,2680,3.0,1.2,2271,863,5.6,1.7,19459,7937,5.1,1.6,29296,2245,106053,11766,93.7,2.1,112076,6573,3.5,1.6,N,N,2.8,1.3,N,N,114720,7470,45700,4383,29274,2450,16891,2186,108157,12524,74368,8608,80514,9675,51877,5868,114656,7471,85.2,2.5,14.0,1.8,6.1,1.6,4.5,1.5,5.7,2.1,2.7,2.7,2.0,1.1,2.6,1.5,2.8,2.8,50.5,28.5,75.4,36.0,-,**,7.4,1.5,5.4,2.4,5.2,2.4,3.6,3.1,6.0,3.2,8.0,1.6,8.4,1.8,4.1,3.9,4.0,1.4,32.9,7.5,37277,2557,55.9,3.4,44.1,3.4,3.56,0.18,2.44,0.18,37277,2557,60.7,3.0,7.9,2.1,31.3,3.2,0.2,0.3,37277,2557,3.9,1.6,24.4,4.0,26.7,3.3,26.4,3.2,8.7,2.4,9.9,2.3,37277,2557,13.7,2.7,86.3,2.7,37277,2557,66.1,3.6,28.7,3.6,4.3,1.6,0.8,0.7,37277,2557,2.5,1.3,4.1,1.3,15918,1685,74.3,5.1,25.7,5.1,20839,1876,344700,17426,2288,125,806,138,15828,1692,68.1,5.8,31.9,5.8,16362,1724,1146,58,37277,2557,97.1,1.6,93.9,2.2
0400000US48,48,Texas,013,Asian Indian alone (400-401),326595,14204,100.0,0.1,(X),(X),(X),(X),(X),(X),326595,14204,53.2,0.9,46.8,0.9,9.0,0.7,16.8,1.0,7.3,0.8,21.5,1.3,20.7,1.1,10.8,0.9,7.1,0.8,4.8,0.6,2.0,0.4,33.3,0.5,74.2,1.2,71.7,1.2,9.3,0.9,6.9,0.8,84228,5868,52.8,2.4,47.2,2.4,242367,10263,53.3,1.1,46.7,1.1,94052,5487,51.1,2.2,48.9,2.2,125854,6576,54.6,1.5,45.4,1.5,22461,2807,55.1,3.2,44.9,3.2,324597,14105,57.0,1.5,31.5,1.3,8.0,1.3,3.5,0.7,0.2,0.1,107623,4132,79.8,2.0,51.1,2.6,75.0,2.2,48.8,2.5,2.4,0.8,1.4,0.6,20.2,2.0,13.7,1.7,10.2,1.6,3.5,0.9,6.5,1.2,5.1,1.2,1.4,0.6,3.07,0.10,3.46,0.10,252450,10957,72.0,1.8,2.5,0.5,2.7,0.7,0.5,0.3,22.3,1.6,135293,5954,70.4,2.4,0.7,0.4,3.0,1.1,0.3,0.2,25.5,2.1,117157,6180,73.8,2.2,4.5,0.9,2.3,0.6,0.8,0.5,18.6,1.9,93184,6454,10.4,1.8,5.8,1.2,37.8,2.3,13.2,2.1,32.8,2.9,49117,3514,56.5,4.1,34.0,4.2,44067,4331,57.1,3.8,31.5,3.8,218498,8879,7.4,1.5,7.3,1.4,9.3,1.1,32.7,1.7,43.3,2.3,92.6,1.5,93.8,1.7,91.2,1.7,76.0,2.1,78.0,2.5,73.7,2.4,90765,4832,5420,1169,N,N,N,N,188244,8544,5.9,1.3,7.2,4.3,242187,10243,0.7,0.3,326327,14202,4.2,0.7,84228,5868,1.7,0.8,219642,9362,2.8,0.6,22457,2806,28.1,5.6,322560,14158,76.2,2.2,17.7,1.8,8.7,1.4,9.0,1.3,4.1,0.9,5.0,0.9,6.1,1.2,94419,7469,51.9,2.2,48.1,2.2,232176,10006,53.7,1.0,46.3,1.0,110856,6873,52.3,1.5,47.7,1.5,121320,7560,54.9,1.8,45.1,1.8,232176,10006,22.5,1.9,37.1,2.2,40.4,2.2,232176,10006,1.3,0.4,95.4,1.0,1.8,0.6,0.1,0.1,0.9,0.4,0.5,0.3,297324,12965,19.3,1.5,80.7,1.5,20.1,1.5,248944,10808,67.5,1.6,67.5,1.6,64.7,1.7,2.8,0.5,4.1,0.8,0.1,0.1,32.5,1.6,115766,6095,52.3,2.7,52.3,2.7,49.3,2.6,3.0,0.7,5.7,1.4,158997,6673,77.6,1.6,10.0,1.2,2.7,0.7,1.8,0.6,1.9,0.6,6.0,0.9,27.5,1.0,161011,6565,72.7,2.3,5.8,1.3,16.5,1.7,1.4,0.6,3.5,0.7,103884,4413,74.5,2.6,3.9,1.5,15.8,2.0,1.6,0.7,4.3,1.1,57127,4083,69.4,3.9,9.4,2.3,17.9,3.0,1.1,0.8,2.2,0.9,161011,6565,2.5,0.7,1.1,0.4,10.0,1.4,2.9,0.7,10.9,1.7,3.0,0.8,4.0,0.8,7.8,1.0,26.3,2.1,24.0,2.0,4.5,1.1,1.7,0.5,1.4,0.5,161011,6565,87.8,1.4,9.3,1.3,2.5,0.6,0.3,0.2,107623,4132,104075,6164,95.8,0.9,130941,6201,10.6,1.4,17642,1941,1.5,0.5,6838,1454,0.6,0.4,1413,1064,3.3,0.8,18180,4686,3.1,1.0,85862,3537,114403,5829,94.0,1.5,117162,6074,3.0,1.2,55222,50405,3.0,1.1,N,N,326595,14204,44177,2290,84206,4352,40507,3526,106091,6688,72691,5443,90313,5114,70689,3752,326327,14202,82.9,1.9,9.9,1.2,10.0,1.7,4.8,1.1,5.1,1.4,2.6,1.9,4.1,1.1,4.1,1.4,2.6,1.9,19.8,12.8,28.5,18.5,N,N,7.3,1.2,6.1,1.9,6.1,1.9,4.8,2.6,6.8,2.2,7.7,1.2,7.7,1.2,7.2,3.4,5.0,1.3,27.9,4.3,107623,4132,57.5,2.5,42.5,2.5,3.46,0.11,2.54,0.11,107623,4132,59.6,2.4,3.7,0.9,36.4,2.5,0.3,0.2,107623,4132,13.0,1.8,39.0,2.4,37.0,2.3,9.2,1.4,1.6,0.5,0.2,0.2,107623,4132,4.8,1.0,95.2,1.0,107623,4132,49.6,2.5,50.0,2.5,0.2,0.2,0.2,0.2,107623,4132,2.3,0.7,4.6,1.1,42669,2701,77.2,3.5,22.8,3.5,61855,2933,284500,11515,2192,75,832,47,44226,3519,74.4,3.2,25.6,3.2,45016,3606,1163,40,107623,4132,98.8,0.6,95.1,1.2
0400000US51,51,Virginia,013,Asian Indian alone (400-401),132938,8657,100.0,0.1,(X),(X),(X),(X),(X),(X),132938,8657,51.6,1.6,48.4,1.6,8.8,1.0,18.9,1.5,5.2,0.9,20.5,1.7,23.0,1.5,11.3,1.2,6.5,0.9,3.8,0.9,1.9,0.7,33.8,0.7,72.3,1.6,70.1,1.6,7.4,1.2,5.8,1.1,36847,3707,50.1,3.0,49.9,3.0,96091,5814,52.1,1.8,47.9,1.8,34211,2992,50.3,3.9,49.7,3.9,54178,3752,52.7,1.9,47.3,1.9,7702,1456,56.3,7.0,43.7,7.0,132061,8685,55.8,1.7,33.0,1.6,7.7,1.5,3.5,1.2,0.1,0.1,40594,2334,82.2,3.1,53.2,3.2,79.4,3.0,52.1,3.0,1.5,0.7,0.8,0.6,17.8,3.1,11.7,3.0,8.7,2.6,3.1,1.4,6.1,1.4,4.8,1.3,1.3,0.7,3.28,0.12,3.62,0.12,100826,6366,72.9,2.5,2.9,0.9,2.1,0.7,0.8,0.5,21.3,2.3,52175,3453,71.2,3.8,1.3,0.6,1.3,0.6,1.2,0.9,25.0,4.0,48651,3817,74.8,3.2,4.6,1.7,3.0,1.2,0.3,0.4,17.4,2.6,38922,4121,9.4,2.3,7.8,2.4,42.1,3.8,15.3,2.5,25.3,3.2,20368,2450,64.7,5.0,27.5,4.7,18554,2574,65.9,5.9,22.9,4.9,89129,5238,7.8,1.9,5.3,1.4,7.4,1.6,33.1,3.0,46.4,3.7,92.2,1.9,94.0,2.0,90.3,3.0,79.5,3.1,83.4,3.2,75.4,4.0,38546,3411,3063,916,N,N,N,N,77167,4803,6.7,1.7,9.8,6.9,95789,5830,0.4,0.2,132636,8666,4.3,1.0,36847,3707,3.2,1.3,88087,5459,2.6,1.1,7702,1456,30.0,8.4,130544,8479,77.7,3.2,18.0,3.0,10.2,2.6,7.8,1.6,3.9,1.1,3.9,1.2,4.3,1.2,38900,3676,50.9,3.2,49.1,3.2,94038,6241,51.9,1.7,48.1,1.7,44489,3813,50.5,2.1,49.5,2.1,49549,5118,53.1,3.1,46.9,3.1,94038,6241,20.6,3.4,38.4,3.7,41.0,3.3,94038,6241,1.3,0.6,94.7,1.6,2.3,1.1,0.1,0.1,1.3,0.7,0.3,0.2,121202,7884,18.8,2.3,81.2,2.3,19.3,2.6,99576,6116,71.4,2.3,71.1,2.3,67.5,2.1,3.6,1.0,5.0,1.3,0.3,0.3,28.6,2.3,47857,3636,58.0,3.9,58.0,3.9,53.3,3.6,4.7,1.7,8.1,2.8,66070,4354,69.5,2.8,12.7,2.2,9.5,1.6,1.7,0.8,1.2,0.7,5.4,1.4,32.4,1.6,67184,4398,73.1,3.5,4.9,1.4,16.7,2.9,0.5,0.4,4.8,1.8,41679,2959,76.5,3.6,3.6,1.5,12.7,2.6,0.8,0.6,6.3,2.8,25505,2305,67.4,5.0,7.0,2.1,23.3,4.4,0.0,0.6,2.2,1.2,67184,4398,0.1,0.2,0.7,0.5,3.2,0.9,1.2,0.6,8.8,2.0,3.0,1.1,5.4,1.5,10.9,1.9,35.3,3.1,17.2,2.6,6.1,1.5,1.9,0.6,6.3,1.4,67184,4398,83.7,2.3,13.9,2.2,2.3,0.9,0.1,0.2,40594,2334,121019,5770,96.9,1.1,140851,8414,8.9,2.1,17510,2648,2.0,1.3,7583,1530,0.6,0.5,1935,1371,4.8,1.5,24942,8734,2.6,1.4,33356,2433,129161,8839,96.7,1.2,130322,8528,1.5,1.0,83920,34800,1.8,0.8,N,N,132938,8657,45794,3212,33475,2477,17132,1798,105273,7984,79706,6506,94055,6610,70144,6858,132636,8666,87.5,2.8,7.3,1.7,8.2,2.2,2.6,1.3,2.8,1.7,N,N,2.1,1.2,2.0,1.5,N,N,27.3,27.0,45.1,38.4,-,**,4.6,1.6,2.4,1.4,2.4,1.4,N,N,N,N,5.4,2.0,5.4,1.9,6.1,5.1,3.5,1.6,15.1,5.4,40594,2334,63.1,3.5,36.9,3.5,3.58,0.15,2.75,0.19,40594,2334,66.2,3.6,4.1,1.4,29.4,3.4,0.3,0.4,40594,2334,8.8,2.3,34.5,3.4,36.9,3.7,13.6,2.6,4.6,1.6,1.5,0.8,40594,2334,3.3,1.1,96.7,1.1,40594,2334,68.0,3.5,30.8,3.4,0.9,0.6,0.4,0.4,40594,2334,3.3,1.2,5.7,2.4,21204,2013,73.8,4.6,26.2,4.6,25635,2056,474100,20006,2632,115,692,63,14763,1655,79.7,4.4,20.3,4.4,14907,1668,1535,81,40594,2334,98.6,1.0,95.8,1.6
0400000US53,53,Washington,013,Asian Indian alone (400-401),90086,8512,100.0,0.2,(X),(X),(X),(X),(X),(X),90086,8512,52.5,2.0,47.5,2.0,9.7,1.3,15.7,1.7,4.6,1.4,28.6,2.9,21.2,1.9,8.7,1.6,5.5,1.7,4.1,0.9,1.9,0.7,32.1,0.8,74.6,1.7,73.1,1.7,7.9,1.2,6.0,1.1,22856,2987,49.1,5.2,50.9,5.2,67230,6115,53.7,2.0,46.3,2.0,29924,3781,53.1,4.2,46.9,4.2,31901,3753,55.4,3.0,44.6,3.0,5405,1054,46.9,7.0,53.1,7.0,89510,8495,55.1,2.6,29.4,1.6,10.7,2.1,4.9,2.1,0.4,0.3,28128,2603,77.3,4.0,51.2,5.2,73.3,4.1,50.0,5.0,2.6,1.6,0.8,0.8,22.7,4.0,17.2,3.7,11.7,3.3,5.5,2.5,5.6,2.1,4.8,2.1,0.7,0.7,3.15,0.16,3.61,0.18,69155,6388,73.2,3.5,2.7,1.0,2.3,0.9,0.7,0.4,21.1,3.1,37228,3753,70.4,4.6,0.7,0.6,1.8,1.0,0.7,0.6,26.5,4.5,31927,3189,76.5,3.4,5.1,1.8,2.8,1.5,0.7,0.6,14.9,3.1,21899,3201,14.4,3.2,8.1,3.1,43.4,4.8,11.4,3.2,22.7,4.9,9748,1967,66.8,8.3,19.8,7.1,12151,1885,59.8,6.0,25.1,6.1,63078,5617,8.0,2.3,6.7,1.6,9.2,2.1,33.1,4.2,43.0,3.9,92.0,2.3,94.4,2.1,89.2,3.0,76.1,3.8,82.5,3.6,68.6,5.1,25209,2570,1603,610,N,N,N,N,51072,4774,8.3,2.9,N,N,66874,6156,0.5,0.5,89730,8557,4.7,1.2,22856,2987,1.1,1.0,61469,5859,3.4,1.5,5405,1054,34.0,7.0,88539,8546,72.6,4.1,19.3,3.8,13.3,3.5,6.0,1.7,0.8,0.5,5.1,1.5,8.2,2.4,22918,3154,50.8,4.6,49.2,4.6,67168,6270,53.1,2.2,46.9,2.2,24577,3727,52.1,3.4,47.9,3.4,42591,4839,53.7,3.3,46.3,3.3,67168,6270,33.4,4.2,33.3,3.4,33.3,4.2,67168,6270,1.4,0.8,92.4,2.5,3.0,2.1,1.4,1.0,0.5,0.4,1.3,0.6,81363,7909,16.0,2.6,84.0,2.6,19.5,3.0,68713,6325,70.8,3.0,70.3,3.1,66.3,3.7,4.0,1.6,5.7,2.3,0.5,0.5,29.2,3.0,31841,3163,51.9,4.7,51.8,4.7,46.8,5.3,4.9,2.4,9.6,4.6,45104,4289,61.7,5.3,11.3,3.2,17.4,4.6,5.0,1.7,1.6,1.0,2.9,1.1,27.7,1.7,45545,4489,71.2,3.6,6.0,1.8,13.9,3.0,1.1,0.7,7.8,2.4,30634,3246,74.1,3.9,2.8,1.6,11.6,3.0,1.6,1.1,9.9,3.5,14911,2074,65.2,6.1,12.6,4.3,18.6,5.2,0.0,1.0,3.6,2.3,45545,4489,0.1,0.2,0.4,0.5,7.1,2.2,0.5,0.5,15.3,3.3,5.4,1.9,8.1,2.3,4.0,1.6,36.0,4.3,14.6,2.6,3.9,1.6,2.3,1.1,2.4,1.2,45545,4489,89.4,2.2,7.0,1.8,3.5,1.2,0.1,0.1,28128,2603,121470,8622,97.4,1.3,142107,10203,8.9,2.5,15761,2576,2.7,1.1,5756,1437,2.2,1.2,3554,1383,3.1,1.4,16140,8572,5.7,1.8,21738,2382,125644,8044,94.8,2.2,127823,10393,1.8,1.1,N,N,3.4,2.0,80298,48714,90086,8512,46836,3435,26352,2799,9116,1515,110330,8942,74753,6580,100076,9397,71290,15160,89730,8557,84.5,3.1,14.5,2.9,4.3,1.6,1.1,0.8,1.6,1.3,N,N,N,N,1.6,1.3,N,N,N,N,N,N,-,**,2.8,1.2,3.8,2.5,3.8,2.5,4.0,3.2,3.6,2.7,2.5,0.9,2.4,1.0,4.1,3.5,1.9,1.2,9.8,3.9,28128,2603,47.4,4.4,52.6,4.4,3.70,0.24,2.66,0.21,28128,2603,54.4,4.6,6.5,2.5,38.7,4.9,0.4,0.5,28128,2603,7.9,2.7,34.3,4.4,32.3,4.8,18.5,4.3,3.5,2.1,3.5,2.1,28128,2603,12.9,3.1,87.1,3.1,28128,2603,48.2,5.1,50.0,5.2,1.0,0.8,0.7,0.7,28128,2603,2.5,1.6,8.2,2.9,10971,1582,76.3,6.4,23.7,6.4,13325,1702,437300,40512,2429,144,693,96,14663,1877,83.2,5.4,16.8,5.4,14663,1877,1507,89,28128,2603,99.0,0.8,95.8,1.8
